{
  "benchmark_timestamp": "2026-03-07 10:09:41",
  "targets": {
    "max_latency_ms_per_frame": 10.0,
    "max_model_size_kb": 500.0
  },
  "models": [
    {
      "model_name": "TinyVAD Student",
      "model_size_kb": 472.73828125,
      "num_parameters": 120933,
      "device": "cpu",
      "peak_memory_mb": null,
      "avg_memory_mb": null,
      "results": [
        {
          "duration_sec": 1,
          "audio_samples": 16000,
          "num_frames": 31,
          "total_time_ms": 9.651889001058104,
          "ms_per_frame": 0.3113512580986485,
          "ms_per_second_audio": 9.651889001058104,
          "real_time_factor": 0.009651889001058104,
          "throughput_fps": 3211.8065175222773
        },
        {
          "duration_sec": 5,
          "audio_samples": 80000,
          "num_frames": 156,
          "total_time_ms": 23.557305665841948,
          "ms_per_frame": 0.151008369652833,
          "ms_per_second_audio": 4.71146113316839,
          "real_time_factor": 0.00471146113316839,
          "throughput_fps": 6622.149502699696
        },
        {
          "duration_sec": 10,
          "audio_samples": 160000,
          "num_frames": 312,
          "total_time_ms": 48.87834733138637,
          "ms_per_frame": 0.1566613696518794,
          "ms_per_second_audio": 4.887834733138638,
          "real_time_factor": 0.004887834733138637,
          "throughput_fps": 6383.194543888653
        },
        {
          "duration_sec": 30,
          "audio_samples": 480000,
          "num_frames": 937,
          "total_time_ms": 76.92701400083024,
          "ms_per_frame": 0.0820992678770867,
          "ms_per_second_audio": 2.5642338000276745,
          "real_time_factor": 0.0025642338000276747,
          "throughput_fps": 12180.376583834222
        }
      ],
      "summary": {
        "avg_latency_ms": 0.1752800663201119,
        "min_latency_ms": 0.0820992678770867,
        "max_latency_ms": 0.3113512580986485,
        "std_latency_ms": 0.08386566871378749,
        "avg_rtf": 0.005453854666848201,
        "latency_target_met": true,
        "size_target_met": true
      }
    }
  ]
}